Entity,Type,Superclass(es),http://example.org/health-assessment#alleviates,http://example.org/health-assessment#asks,http://example.org/health-assessment#confirms,http://example.org/health-assessment#currentAssessment,http://example.org/health-assessment#exacerbates,http://example.org/health-assessment#hasDiagnosis,http://example.org/health-assessment#hasFinding,http://example.org/health-assessment#hasPatient,http://example.org/health-assessment#hasProcedure,http://example.org/health-assessment#hasRiskFactor,http://example.org/health-assessment#hasSymptom,http://example.org/health-assessment#likelihood,http://example.org/health-assessment#maySuggest,http://example.org/health-assessment#nextStep,http://example.org/health-assessment#partOf,http://example.org/health-assessment#precedes,http://example.org/health-assessment#relatesTo,http://example.org/health-assessment#responseTo,http://example.org/health-assessment#ruleOut,http://example.org/health-assessment#suggests,http://example.org/health-assessment#takesMedication,http://example.org/health-assessment#targets,http://example.org/health-assessment#aggravatingFactors,http://example.org/health-assessment#assessmentID,http://example.org/health-assessment#character,http://example.org/health-assessment#code,http://example.org/health-assessment#confidence,http://example.org/health-assessment#dosage,http://example.org/health-assessment#duration,http://example.org/health-assessment#endDate,http://example.org/health-assessment#endTime,http://example.org/health-assessment#extractedValue,http://example.org/health-assessment#findingType,http://example.org/health-assessment#frequency,http://example.org/health-assessment#location,http://example.org/health-assessment#onset,http://example.org/health-assessment#preferredTerm,http://example.org/health-assessment#procedureDate,http://example.org/health-assessment#questionCode,http://example.org/health-assessment#questionText,http://example.org/health-assessment#questionType,http://example.org/health-assessment#radiation,http://example.org/health-assessment#relievingFactors,http://example.org/health-assessment#responseText,http://example.org/health-assessment#responseTimestamp,http://example.org/health-assessment#route,http://example.org/health-assessment#severity,http://example.org/health-assessment#source,http://example.org/health-assessment#startDate,http://example.org/health-assessment#startTime,http://example.org/health-assessment#status,http://example.org/health-assessment#stepDescription,http://example.org/health-assessment#stepName,http://example.org/health-assessment#stepOrder,http://example.org/health-assessment#unit,http://example.org/health-assessment#uri,http://example.org/health-assessment#value,http://www.w3.org/2000/01/rdf-schema#comment,http://www.w3.org/2000/01/rdf-schema#label,
http://example.org/health-assessment#alleviates,ObjectProperty,,,,,,,,,,,,,,,,,,,,,,,,,,,,,,,,,,,,,,,,,,,,,,,,,,,,,,,,,,"'Indicates that a factor or intervention improves a symptom.'","'alleviates'",
http://example.org/health-assessment#Assessment,Class,http://www.w3.org/2002/07/owl#Thing,,,,,,,,,,,,,,,,,,,,,,,,,,,,,,,,,,,,,,,,,,,,,,,,,,,,,,,,,,,,
http://example.org/health-assessment#AssessmentQuestion,Class,http://www.w3.org/2002/07/owl#Thing,,,,,,,,,,,,,,,,,,,,,,,,,,,,,,,,,,,,,,,,,,,,,,,,,,,,,,,,,,"'Represents a question asked during a health assessment.'","'Assessment Question'",
http://example.org/health-assessment#AssessmentStep,Class,http://www.w3.org/2002/07/owl#Thing,,,,,,,,,,,,,,,,,,,,,,,,,,,,,,,,,,,,,,,,,,,,,,,,,,,,,,,,,,"'Represents a specific step or section within a health assessment (e.g., Chief Complaint, Past Medical History).'","'Assessment Step'",
http://example.org/health-assessment#Concept,Class,http://www.w3.org/2002/07/owl#Thing,,,,,,,,,,,,,,,,,,,,,,,,,,,,,,,,,,,,,,,,,,,,,,,,,,,,,,,,,,"'Represents a general medical concept from a standardized terminology (e.g., SNOMED CT, ICD-11, MeSH).'","'Concept'",
http://example.org/health-assessment#Diagnosis,Class,http://example.org/health-assessment#Concept,,,,,,,,,,,,,,,,,,,,,,,,,,,,,,,,,,,,,,,,,,,,,,,,,,,,,,,,,,"'Represents a diagnosis or medical condition.'","'Diagnosis'",
http://example.org/health-assessment#LabResult,Class,http://example.org/health-assessment#Concept,,,,,,,,,,,,,,,,,,,,,,,,,,,,,,,,,,,,,,,,,,,,,,,,,,,,,,,,,,"'Represents a laboratory test result.'","'Lab Result'",
http://example.org/health-assessment#Medication,Class,http://example.org/health-assessment#Concept,,,,,,,,,,,,,,,,,,,,,,,,,,,,,,,,,,,,,,,,,,,,,,,,,,,,,,,,,,"'Represents a medication that a user is taking or has taken.'","'Medication'	'Medication'",
http://example.org/health-assessment#Patient,Class,http://example.org/health-assessment#User,,,,,,,,,,,,,,,,,,,,,,,,,,,,,,,,,,,,,,,,,,,,,,,,,,,,,,,,,,"'Represents the patient whose health data is being assessed.'","'Patient'",
http://example.org/health-assessment#PhysicalExamFinding,Class,http://example.org/health-assessment#Concept,,,,,,,,,,,,,,,,,,,,,,,,,,,,,,,,,,,,,,,,,,,,,,,,,,,,,,,,,,"'Represents a finding observed during a physical examination.'","'Physical Exam Finding'",
http://example.org/health-assessment#Procedure,Class,http://example.org/health-assessment#Concept,,,,,,,,,,,,,,,,,,,,,,,,,,,,,,,,,,,,,,,,,,,,,,,,,,,,,,,,,,"'Represents a medical or surgical procedure.'","'Procedure'	'Procedure'",
http://example.org/health-assessment#RiskFactor,Class,http://example.org/health-assessment#Concept,,,,,,,,,,,,,,,,,,,,,,,,,,,,,,,,,,,,,,,,,,,,,,,,,,,,,,,,,,"'Represents a risk factor that may contribute to a diagnosis.'","'Risk Factor'",
http://example.org/health-assessment#Symptom,Class,http://example.org/health-assessment#Concept,,,,,,,,,,,,,,,,,,,,,,,,,,,,,,,,,,,,,,,,,,,,,,,,,,,,,,,,,,"'Represents a symptom reported by the user or observed during the assessment.'","'Symptom'",
http://example.org/health-assessment#User,Class,http://www.w3.org/2002/07/owl#Thing,,,,,,,,,,,,,,,,,,,,,,,,,,,,,,,,,,,,,,,,,,,,,,,,,,,,,,,,,,"'Represents the user interacting with the AI persona.'","'User'",
http://example.org/health-assessment#UserResponse,Class,http://www.w3.org/2002/07/owl#Thing,,,,,,,,,,,,,,,,,,,,,,,,,,,,,,,,,,,,,,,,,,,,,,,,,,,,,,,,,,"'Represents a user's response to an assessment question.'","'User Response'",
http://example.org/health-assessment#asks,ObjectProperty,,,,,,,,,,,,,,,,,,,,,,,,,,,,,,,,,,,,,,,,,,,,,,,,,,,,,,,,,,"'Links an assessment step to the questions that are asked during that step.'","'asks'",
http://example.org/health-assessment#confirms,ObjectProperty,,,,,,,,,,,,,,,,,,,,,,,,,,,,,,,,,,,,,,,,,,,,,,,,,,,,,,,,,,"'Indicates that the purpose of an assessment question is to help confirm a particular diagnosis.'","'confirms'",
http://example.org/health-assessment#currentAssessment,ObjectProperty,,,,,,,,,,,,,,,,,,,,,,,,,,,,,,,,,,,,,,,,,,,,,,,,,,,,,,,,,,"'Links a user to their current active health assessment.'","'current assessment'",
http://example.org/health-assessment#exacerbates,ObjectProperty,,,,,,,,,,,,,,,,,,,,,,,,,,,,,,,,,,,,,,,,,,,,,,,,,,,,,,,,,,"'Indicates that a symptom or condition worsens another symptom.'","'exacerbates'",
http://example.org/health-assessment#hasDiagnosis,ObjectProperty,,,,,,,,,,,,,,,,,,,,,,,,,,,,,,,,,,,,,,,,,,,,,,,,,,,,,,,,,,"'Indicates that a user response suggests a particular diagnosis or condition.'","'has diagnosis'",
http://example.org/health-assessment#hasFinding,ObjectProperty,,,,,,,,,,,,,,,,,,,,,,,,,,,,,,,,,,,,,,,,,,,,,,,,,,,,,,,,,,"'Indicates that a user response includes a specific physical exam finding.'","'has finding'",
http://example.org/health-assessment#hasPatient,ObjectProperty,,,,,,,,,,,,,,,,,,,,,,,,,,,,,,,,,,,,,,,,,,,,,,,,,,,,,,,,,,"'Links an assessment to a specific patient.'","'has patient'",
http://example.org/health-assessment#hasProcedure,ObjectProperty,,,,,,,,,,,,,,,,,,,,,,,,,,,,,,,,,,,,,,,,,,,,,,,,,,,,,,,,,,"'Indicates that a user response indicates they have undergone a procedure.'","'has procedure'",
http://example.org/health-assessment#hasRiskFactor,ObjectProperty,,,,,,,,,,,,,,,,,,,,,,,,,,,,,,,,,,,,,,,,,,,,,,,,,,,,,,,,,,"'Indicates that a user response suggests the presence of a risk factor.'","'has risk factor'",
http://example.org/health-assessment#hasSymptom,ObjectProperty,,,,,,,,,,,,,,,,,,,,,,,,,,,,,,,,,,,,,,,,,,,,,,,,,,,,,,,,,,"'Indicates that a user response suggests the presence of a particular symptom.'","'has symptom'",
http://example.org/health-assessment#likelihood,ObjectProperty,,,,,,,,,,,,,,,,,,,,,,,,,,,,,,,,,,,,,,,,,,,,,,,,,,,,,,,,,,"'Connects a UserResponse to a concept, indicating the likelihood.'","'likelihood'",
http://example.org/health-assessment#maySuggest,ObjectProperty,,,,,,,,,,,,,,,,,,,,,,,,,,,,,,,,,,,,,,,,,,,,,,,,,,,,,,,,,,"'Indicates that a diagnosis is suggested based on user responses.'","'may suggest'",
http://example.org/health-assessment#nextStep,ObjectProperty,,,,,,,,,,,,,,,,,,,,,,,,,,,,,,,,,,,,,,,,,,,,,,,,,,,,,,,,,,"'Defines the sequential order of steps within an assessment.'","'next step'",
http://example.org/health-assessment#partOf,ObjectProperty,,,,,,,,,,,,,,,,,,,,,,,,,,,,,,,,,,,,,,,,,,,,,,,,,,,,,,,,,,"'Indicates that an assessment step is part of a particular assessment.'","'part of'",
http://example.org/health-assessment#precedes,ObjectProperty,,,,,,,,,,,,,,,,,,,,,,,,,,,,,,,,,,,,,,,,,,,,,,,,,,,,,,,,,,"'Indicates that one assessment question should be asked before another.'","'precedes'",
http://example.org/health-assessment#relatesTo,ObjectProperty,,,,,,,,,,,,,,,,,,,,,,,,,,,,,,,,,,,,,,,,,,,,,,,,,,,,,,,,,,"'Connects an assessment question to relevant medical concepts.'","'relates to'",
http://example.org/health-assessment#responseTo,ObjectProperty,,,,,,,,,,,,,,,,,,,,,,,,,,,,,,,,,,,,,,,,,,,,,,,,,,,,,,,,,,"'Links a user's response to the specific question it answers.'","'response to'",
http://example.org/health-assessment#ruleOut,ObjectProperty,,,,,,,,,,,,,,,,,,,,,,,,,,,,,,,,,,,,,,,,,,,,,,,,,,,,,,,,,,"'Indicates that the purpose of an assessment question is to help rule out a particular diagnosis.'","'rule out'",
http://example.org/health-assessment#suggests,ObjectProperty,,,,,,,,,,,,,,,,,,,,,,,,,,,,,,,,,,,,,,,,,,,,,,,,,,,,,,,,,,"'Indicates that a symptom suggests a potential diagnosis.'","'suggests'",
http://example.org/health-assessment#takesMedication,ObjectProperty,,,,,,,,,,,,,,,,,,,,,,,,,,,,,,,,,,,,,,,,,,,,,,,,,,,,,,,,,,"'Indicates that a user response indicates they are taking a particular medication.'","'takes medication'",
http://example.org/health-assessment#targets,ObjectProperty,,,,,,,,,,,,,,,,,,,,,,,,,,,,,,,,,,,,,,,,,,,,,,,,,,,,,,,,,,"'Indicates that an assessment question is intended to assess a specific physical exam finding.'","'targets'",
http://example.org/health-assessment#aggravatingFactors,DataProperty,,,,,,,,,,,,,,,,,,,,,,,,,,,,,,,,,,,,,,,,,,,,,,,,,,,,,,,,,,"'Factors that worsen the symptom.'","'aggravating factors'",
http://example.org/health-assessment#assessmentID,DataProperty,,,,,,,,,,,,,,,,,,,,,,,,,,,,,,,,,,,,,,,,,,,,,,,,,,,,,,,,,,"'Unique ID for the assessment.'","'assessment ID'",
http://example.org/health-assessment#character,DataProperty,,,,,,,,,,,,,,,,,,,,,,,,,,,,,,,,,,,,,,,,,,,,,,,,,,,,,,,,,,"'Character of the symptom.'","'character'",
http://example.org/health-assessment#code,DataProperty,,,,,,,,,,,,,,,,,,,,,,,,,,,,,,,,,,,,,,,,,,,,,,,,,,,,,,,,,,"'Concept code within its source terminology.'","'code'",
http://example.org/health-assessment#confidence,DataProperty,,,,,,,,,,,,,,,,,,,,,,,,,,,,,,,,,,,,,,,,,,,,,,,,,,,,,,,,,,"'Confidence score for the extracted value.'","'confidence'",
http://example.org/health-assessment#dosage,DataProperty,,,,,,,,,,,,,,,,,,,,,,,,,,,,,,,,,,,,,,,,,,,,,,,,,,,,,,,,,,"'Dosage of the medication.'","'dosage'",
http://example.org/health-assessment#duration,DataProperty,,,,,,,,,,,,,,,,,,,,,,,,,,,,,,,,,,,,,,,,,,,,,,,,,,,,,,,,,,"'Duration of the symptom.'","'duration'",
http://example.org/health-assessment#endDate,DataProperty,,,,,,,,,,,,,,,,,,,,,,,,,,,,,,,,,,,,,,,,,,,,,,,,,,,,,,,,,,"'End date of the medication.'","'end date'",
http://example.org/health-assessment#endTime,DataProperty,,,,,,,,,,,,,,,,,,,,,,,,,,,,,,,,,,,,,,,,,,,,,,,,,,,,,,,,,,"'When the assessment ended.'","'end time'",
http://example.org/health-assessment#extractedValue,DataProperty,,,,,,,,,,,,,,,,,,,,,,,,,,,,,,,,,,,,,,,,,,,,,,,,,,,,,,,,,,"'Structured value extracted from the response.'","'extracted value'",
http://example.org/health-assessment#findingType,DataProperty,,,,,,,,,,,,,,,,,,,,,,,,,,,,,,,,,,,,,,,,,,,,,,,,,,,,,,,,,,"'Type of physical exam finding (e.g., observation, measurement).'","'finding type'",
http://example.org/health-assessment#frequency,DataProperty,,,,,,,,,,,,,,,,,,,,,,,,,,,,,,,,,,,,,,,,,,,,,,,,,,,,,,,,,,"'Frequency of taking the medication.'","'frequency'",
http://example.org/health-assessment#location,DataProperty,,,,,,,,,,,,,,,,,,,,,,,,,,,,,,,,,,,,,,,,,,,,,,,,,,,,,,,,,,"'Location of the symptom.'","'location'",
http://example.org/health-assessment#onset,DataProperty,,,,,,,,,,,,,,,,,,,,,,,,,,,,,,,,,,,,,,,,,,,,,,,,,,,,,,,,,,"'Onset of the symptom.'","'onset'",
http://example.org/health-assessment#preferredTerm,DataProperty,,,,,,,,,,,,,,,,,,,,,,,,,,,,,,,,,,,,,,,,,,,,,,,,,,,,,,,,,,"'Preferred term/label for the concept.'","'preferred term'",
http://example.org/health-assessment#procedureDate,DataProperty,,,,,,,,,,,,,,,,,,,,,,,,,,,,,,,,,,,,,,,,,,,,,,,,,,,,,,,,,,"'Date the procedure was performed.'","'procedure date'",
http://example.org/health-assessment#questionCode,DataProperty,,,,,,,,,,,,,,,,,,,,,,,,,,,,,,,,,,,,,,,,,,,,,,,,,,,,,,,,,,"'Unique code for the question.'","'question code'",
http://example.org/health-assessment#questionText,DataProperty,,,,,,,,,,,,,,,,,,,,,,,,,,,,,,,,,,,,,,,,,,,,,,,,,,,,,,,,,,"'The exact question text.'","'question text'",
http://example.org/health-assessment#questionType,DataProperty,,,,,,,,,,,,,,,,,,,,,,,,,,,,,,,,,,,,,,,,,,,,,,,,,,,,,,,,,,"'Type of question.'","'question type'",
http://example.org/health-assessment#radiation,DataProperty,,,,,,,,,,,,,,,,,,,,,,,,,,,,,,,,,,,,,,,,,,,,,,,,,,,,,,,,,,"'Radiation of the symptom.'","'radiation'",
http://example.org/health-assessment#relievingFactors,DataProperty,,,,,,,,,,,,,,,,,,,,,,,,,,,,,,,,,,,,,,,,,,,,,,,,,,,,,,,,,,"'Factors that improve the symptom.'","'relieving factors'",
http://example.org/health-assessment#responseText,DataProperty,,,,,,,,,,,,,,,,,,,,,,,,,,,,,,,,,,,,,,,,,,,,,,,,,,,,,,,,,,"'The raw text of the user's response.'","'response text'",
http://example.org/health-assessment#responseTimestamp,DataProperty,,,,,,,,,,,,,,,,,,,,,,,,,,,,,,,,,,,,,,,,,,,,,,,,,,,,,,,,,,"'Timestamp of the response.'","'response timestamp'",
http://example.org/health-assessment#route,DataProperty,,,,,,,,,,,,,,,,,,,,,,,,,,,,,,,,,,,,,,,,,,,,,,,,,,,,,,,,,,"'Route of administration of the medication.'","'route'",
http://example.org/health-assessment#severity,DataProperty,,,,,,,,,,,,,,,,,,,,,,,,,,,,,,,,,,,,,,,,,,,,,,,,,,,,,,,,,,"'Severity of the symptom.'","'severity'",
http://example.org/health-assessment#source,DataProperty,,,,,,,,,,,,,,,,,,,,,,,,,,,,,,,,,,,,,,,,,,,,,,,,,,,,,,,,,,"'Source terminology of the concept.'","'source'",
http://example.org/health-assessment#startDate,DataProperty,,,,,,,,,,,,,,,,,,,,,,,,,,,,,,,,,,,,,,,,,,,,,,,,,,,,,,,,,,"'Start date of the medication.'","'start date'",
http://example.org/health-assessment#startTime,DataProperty,,,,,,,,,,,,,,,,,,,,,,,,,,,,,,,,,,,,,,,,,,,,,,,,,,,,,,,,,,"'When the assessment started.'","'start time'",
http://example.org/health-assessment#status,DataProperty,,,,,,,,,,,,,,,,,,,,,,,,,,,,,,,,,,,,,,,,,,,,,,,,,,,,,,,,,,"'Status of the assessment.'","'status'",
http://example.org/health-assessment#stepDescription,DataProperty,,,,,,,,,,,,,,,,,,,,,,,,,,,,,,,,,,,,,,,,,,,,,,,,,,,,,,,,,,"'Description of the assessment step.'","'step description'",
http://example.org/health-assessment#stepName,DataProperty,,,,,,,,,,,,,,,,,,,,,,,,,,,,,,,,,,,,,,,,,,,,,,,,,,,,,,,,,,"'The name of the assessment step.'","'step name'",
http://example.org/health-assessment#stepOrder,DataProperty,,,,,,,,,,,,,,,,,,,,,,,,,,,,,,,,,,,,,,,,,,,,,,,,,,,,,,,,,,"'The order of the step in the assessment.'","'step order'",
http://example.org/health-assessment#unit,DataProperty,,,,,,,,,,,,,,,,,,,,,,,,,,,,,,,,,,,,,,,,,,,,,,,,,,,,,,,,,,"'Unit of measurement for the finding value.'","'unit'",
http://example.org/health-assessment#uri,DataProperty,,,,,,,,,,,,,,,,,,,,,,,,,,,,,,,,,,,,,,,,,,,,,,,,,,,,,,,,,,"'Unique URI of the concept.'","'URI'",
http://example.org/health-assessment#value,DataProperty,,,,,,,,,,,,,,,,,,,,,,,,,,,,,,,,,,,,,,,,,,,,,,,,,,,,,,,,,,"'The observed value of the finding.'","'value'",
http://example.org/health-assessment#AdverseDrugReaction,NamedIndividual,,,,,,,,,,,,,,,,,,,,,,,,,,,,,,,,,,,,,,,,,,,,,,,,,,,,,,,,,,,,
http://example.org/health-assessment#AllergicReaction,NamedIndividual,,,,,,,,,,,,,,,,,,,,,,,,,,,,,,,,,,,,,,,,,,,,,,,,,,,,,,,,,,,,
http://example.org/health-assessment#Allergy,NamedIndividual,,,,,,,,,,,,,"'AllergicReaction'",,,,,,,,,,,,,,,,,,,,,,,,,,,,,,,,,,,,,,,,,,,,,,"'Allergy'",
http://example.org/health-assessment#Anxiety,NamedIndividual,,,,,,,,,,,,,,,,,,,,,,,,,,,,,,,,,,,,,,,,,,,,,,,,,,,,,,,,,,,,
http://example.org/health-assessment#AssessmentAndPlan,NamedIndividual,,,,,,,,,,,,,,,,,,,,,,,,,,,,,,,,,,,,,,,,,,,,,,,,,,,,,"'Assessment and Plan'","'8'",,,,,,
http://example.org/health-assessment#BipolarDisorder,NamedIndividual,,,,,,,,,,,,,,,,,,,,,,,,,,,,,,,,,,,,,,,,,,,,,,,,,,,,,,,,,,,,
http://example.org/health-assessment#COVID-19,NamedIndividual,,,,,,,,,,,,,,,,,,,,,,,,,,,,,,,,,,,,,,,,,,,,,,,,,,,,,,,,,,,,
http://example.org/health-assessment#CardiovascularCondition,NamedIndividual,,,,,,,,,,,,,,,,,,,,,,,,,,,,,,,,,,,,,,,,,,,,,,,,,,,,,,,,,,,,
http://example.org/health-assessment#ChiefComplaint,NamedIndividual,,"'question1'",,,,,,,,,,,,"'HistoryOfPresentIllness'",,,,,,,,,,,,,,,,,,,,,,,,,,,,,,,,,,,,,,,"'Chief Complaint'","'1'",,,,,,
http://example.org/health-assessment#Complication,NamedIndividual,,,,,,,,,,,,,,,,,,,,,,,,,,,,,,,,,,,,,,,,,,,,,,,,,,,,,,,,,,,,
http://example.org/health-assessment#Cough,NamedIndividual,,,,,,,,,,,,,"'RespiratoryCondition'",,,,,,,,,,,,,,,,,,,,,,,,,,,,,,,,,,,,,,,,,,,,,,"'Cough'",
http://example.org/health-assessment#Depression,NamedIndividual,,,,,,,,,,,,,,,,,,,,,,,,,,,,,,,,,,,,,,,,,,,,,,,,,,,,,,,,,,,,
http://example.org/health-assessment#Diagnosis,NamedIndividual,,,,,,,,,,,,,,,,,,,,,,,,,,,,,,,,,,,,,,,,,,,,,,,,,,,,,,,,,,"'Represents a diagnosis or medical condition.'","'Diagnosis'",
http://example.org/health-assessment#Diet,NamedIndividual,,,,,,,,,,,,,"'NutritionalDeficiency'",,,,,,,,,,,,,,,,,,,,,,,,,,,,,,,,,,,,,,,,,,,,,,"'Diet'",
http://example.org/health-assessment#EatingDisorder,NamedIndividual,,,,,,,,,,,,,,,,,,,,,,,,,,,,,,,,,,,,,,,,,,,,,,,,,,,,,,,,,,,,
http://example.org/health-assessment#Exercise,NamedIndividual,,,,,,,,,,,,,"'PhysicalFitness'",,,,,,,,,,,,,,,,,,,,,,,,,,,,,,,,,,,,,,,,,,,,,,"'Exercise'",
http://example.org/health-assessment#FamilyHistory,NamedIndividual,,"'question26'	'question4'",,,,,,,,,,,,"'SocialHistory'",,,,,,,,,,,,,,,,,,,,,,,,,,,,,,,,,,,,,,,"'Family History'","'4'",,,,,,
http://example.org/health-assessment#Fatigue,NamedIndividual,,,,,,,,,,,,,,,,,,,,,,,,,,,,,,,,,,,,,,,,,,,,,,,,,,,,,,,,,,,,
http://example.org/health-assessment#Fever,NamedIndividual,,,,,,,,,,,,,"'Infection'	'COVID-19'",,,,,,,,,,,,,,,,,,,,,,,,,,,,,,,,,,,,,,,,,,,,,,"'Fever'",
http://example.org/health-assessment#GastrointestinalCondition,NamedIndividual,,,,,,,,,,,,,,,,,,,,,,,,,,,,,,,,,,,,,,,,,,,,,,,,,,,,,,,,,,,,
http://example.org/health-assessment#HeartDisease,NamedIndividual,,,,,,,,,,,,,"'CardiovascularCondition'",,,,,,,,,,,,,,,,,,,,,,,,,,,,,,,,,,,,,,,,,,,,,,"'Heart Disease'",
http://example.org/health-assessment#HistoryOfPresentIllness,NamedIndividual,,"'question17'	'question18'	'question15'	'question16'	'question19'	'question20'	'question21'	'question2'	'question14'	'question22'	'question23'",,,,,,,,,,,,"'PastMedicalHistory'",,,,,,,,,,,,,,,,,,,,,,,,,,,,,,,,,,,,,,,"'History of Present Illness'","'2'",,,,,,
http://example.org/health-assessment#Immunization,NamedIndividual,,,,,,,,,,,,,"'VaccinePreventableDisease'",,,,,,,,,,,,,,,,,,,,,,,,,,,,,,,,,,,,,,,,,,,,,,"'Immunization'",
http://example.org/health-assessment#Infection,NamedIndividual,,,,,,,,,,,,,,,,,,,,,,,,,,,,,,,,,,,,,,,,,,,,,,,,,,,,,,,,,,,,
http://example.org/health-assessment#Medication,NamedIndividual,,,,,,,,,,,,,"'AdverseDrugReaction'",,,,,,,,,,,,,,,,,,,,,,,,,,,,,,,,,,,,,,,,,,,,,"'Represents a medication that a user is taking or has taken.'","'Medication'	'Medication'",
http://example.org/health-assessment#MentalHealth,NamedIndividual,,,,,,,,,,,,,"'MentalHealthCondition'",,,,,,,,,,,,,,,,,,,,,,,,,,,,,,,,,,,,,,,,,,,,,,"'Mental Health'",
http://example.org/health-assessment#MentalHealthCondition,NamedIndividual,,,,,,,,,,,,,,,,,,,,,,,,,,,,,,,,,,,,,,,,,,,,,,,,,,,,,,,,,,,,
http://example.org/health-assessment#MetabolicDisorder,NamedIndividual,,,,,,,,,,,,,,,,,,,,,,,,,,,,,,,,,,,,,,,,,,,,,,,,,,,,,,,,,,,,
http://example.org/health-assessment#MusculoskeletalCondition,NamedIndividual,,,,,,,,,,,,,,,,,,,,,,,,,,,,,,,,,,,,,,,,,,,,,,,,,,,,,,,,,,,,
http://example.org/health-assessment#NeurologicalCondition,NamedIndividual,,,,,,,,,,,,,,,,,,,,,,,,,,,,,,,,,,,,,,,,,,,,,,,,,,,,,,,,,,,,
http://example.org/health-assessment#NutritionalDeficiency,NamedIndividual,,,,,,,,,,,,,,,,,,,,,,,,,,,,,,,,,,,,,,,,,,,,,,,,,,,,,,,,,,,,
http://example.org/health-assessment#Obesity,NamedIndividual,,,,,,,,,,,,,,,,,,,,,,,,,,,,,,,,,,,,,,,,,,,,,,,,,,,,,,,,,,,,
http://example.org/health-assessment#OtherCondition,NamedIndividual,,,,,,,,,,,,,,,,,,,,,,,,,,,,,,,,,,,,,,,,,,,,,,,,,,,,,,,,,,,,
http://example.org/health-assessment#OtherMentalHealthCondition,NamedIndividual,,,,,,,,,,,,,,,,,,,,,,,,,,,,,,,,,,,,,,,,,,,,,,,,,,,,,,,,,,,,
http://example.org/health-assessment#Pain,NamedIndividual,,,,,"'Pain'",,,,,,,,,,,,,,,,,,,,,,,,,,,,,,,,,,,,,,,,,,,,,,,,,,,,,,"'Pain'",
http://example.org/health-assessment#PastMedicalHistory,NamedIndividual,,"'question27'	'question7'	'question28'	'question8'	'question3'	'question6'	'question30'",,,,,,,,,,,,"'FamilyHistory'",,,,,,,,,,,,,,,,,,,,,,,,,,,,,,,,,,,,,,,"'Past Medical History'","'3'",,,,,,
http://example.org/health-assessment#PhysicalExamination,NamedIndividual,,"'question13'",,,,,,,,,,,,"'AssessmentAndPlan'",,,,,,,,,,,,,,,,,,,,,,,,,,,,,,,,,,,,,,,"'Physical Examination'","'7'",,,,,,
http://example.org/health-assessment#PhysicalFitness,NamedIndividual,,,,,,,,,,,,,,,,,,,,,,,,,,,,,,,,,,,,,,,,,,,,,,,,,,,,,,,,,,,,
http://example.org/health-assessment#Pneumonia,NamedIndividual,,,,,,,,,,,,,,,,,,,,,,,,,,,,,,,,,,,,,,,,,,,,,,,,,,,,,,,,,,,,
http://example.org/health-assessment#Procedure,NamedIndividual,,,,,,,,,,,,,"'Complication'",,,,,,,,,,,,,,,,,,,,,,,,,,,,,,,,,,,,,,,,,,,,,"'Represents a medical or surgical procedure.'","'Procedure'	'Procedure'",
http://example.org/health-assessment#PsychologicalCondition,NamedIndividual,,,,,,,,,,,,,,,,,,,,,,,,,,,,,,,,,,,,,,,,,,,,,,,,,,,,,,,,,,,,
http://example.org/health-assessment#RespiratoryCondition,NamedIndividual,,,,,,,,,,,,,,,,,,,,,,,,,,,,,,,,,,,,,,,,,,,,,,,,,,,,,,,,,,,,
http://example.org/health-assessment#ReviewOfSystems,NamedIndividual,,"'question9'	'question10'",,,,,,,,,,,,"'PhysicalExamination'",,,,,,,,,,,,,,,,,,,,,,,,,,,,,,,,,,,,,,,"'Review of Systems'","'6'",,,,,,
http://example.org/health-assessment#Schizophrenia,NamedIndividual,,,,,,,,,,,,,,,,,,,,,,,,,,,,,,,,,,,,,,,,,,,,,,,,,,,,,,,,,,,,
http://example.org/health-assessment#SocialHistory,NamedIndividual,,"'question25'	'question5'	'question12'	'question24'",,,,,,,,,,,,"'ReviewOfSystems'",,,,,,,,,,,,,,,,,,,,,,,,,,,,,,,,,,,,,,,"'Social History'","'5'",,,,,,
http://example.org/health-assessment#Stress,NamedIndividual,,,,,,,,,,,,,"'StressRelatedCondition'",,,,,,,,,,,,,,,,,,,,,,,,,,,,,,,,,,,,,,,,,,,,,,"'Stress'",
http://example.org/health-assessment#StressRelatedCondition,NamedIndividual,,,,,,,,,,,,,,,,,,,,,,,,,,,,,,,,,,,,,,,,,,,,,,,,,,,,,,,,,,,,
http://example.org/health-assessment#SubstanceAbuse,NamedIndividual,,,,,,,,,,,,,,,,,,,,,,,,,,,,,,,,,,,,,,,,,,,,,,,,,,,,,,,,,,,,
http://example.org/health-assessment#Symptom,NamedIndividual,,,,,,,,,,,,,,,,,,,,,,,,,,,,,,,,,,,,,,,,,,,,,,,,,,,,,,,,,,"'Represents a symptom reported by the user or observed during the assessment.'","'Symptom'",
http://example.org/health-assessment#VaccinePreventableDisease,NamedIndividual,,,,,,,,,,,,,,,,,,,,,,,,,,,,,,,,,,,,,,,,,,,,,,,,,,,,,,,,,,,,
http://example.org/health-assessment#WeightChange,NamedIndividual,,,,,,,,,,,,,"'MetabolicDisorder'",,,,,,,,,,,,,,,,,,,,,,,,,,,,,,,,,,,,,,,,,,,,,,"'Weight Change'",
http://example.org/health-assessment#question1,NamedIndividual,,,,,,,,,,,,,,,,,,,,,,,,,,,,,,,,,,,,,,,,"'What is your main health concern today?'","'open'",,,,,,,,,,,,,,,,,,,
http://example.org/health-assessment#question10,NamedIndividual,,,,,,,,,,,,,,,,,"''Mental Health''",,"'Schizophrenia'	'EatingDisorder'	'Depression'	'OtherMentalHealthCondition'	'BipolarDisorder'	'SubstanceAbuse'	'Anxiety'",,,,,,,,,,,,,,,,,,,,,"'How would you describe your mood recently?'","'open'",,,,,,,,,,,,,,,,,,,
http://example.org/health-assessment#question11,NamedIndividual,,,,,,,,,,,,,,,,,"'Diet'",,"'EatingDisorder'	'Obesity'",,,,,,,,,,,,,,,,,,,,,"'Do you have any concerns about your weight or diet?'","'open'",,,,,,,,,,,,,,,,,,,
http://example.org/health-assessment#question12,NamedIndividual,,,,,,,,,,,,,,,,,"'Exercise'",,,,,,,,,,,,,,,,,,,,,,,"'How often do you exercise?'","'open'",,,,,,,,,,,,,,,,,,,
http://example.org/health-assessment#question13,NamedIndividual,,,,,,,,,,,,,,,,,"'Pain'",,,,,,,,,,,,,,,,,,,,,,,"'Please rate your pain on a scale from 1 to 10'","'numeric'",,,,,,,,,,,,,,,,,,,
http://example.org/health-assessment#question14,NamedIndividual,,,,,,,,,,,,,,,,,"'Symptom'",,,,,,,,,,,,,,,,,,,,,,,"'When did your symptoms first start?'","'open'",,,,,,,,,,,,,,,,,,,
http://example.org/health-assessment#question15,NamedIndividual,,,,,,,,,,,,,,,,,"'Pain'",,,,,,,,,,,,,,,,,,,,,,,"'Where exactly is the pain located?'","'open'",,,,,,,,,,,,,,,,,,,
http://example.org/health-assessment#question16,NamedIndividual,,,,,,,,,,,,,,,,,"'Pain'",,,,,,,,,,,,,,,,,,,,,,,"'Can you describe the character of the pain (e.g., sharp, dull, throbbing)?'","'open'",,,,,,,,,,,,,,,,,,,
http://example.org/health-assessment#question17,NamedIndividual,,,,,,,,,,,,,,,,,"'Pain'",,,,,,,,,,,,,,,,,,,,,,,"'Have you noticed anything that makes the pain worse?'","'open'",,,,,,,,,,,,,,,,,,,
http://example.org/health-assessment#question18,NamedIndividual,,,,,,,,,,,,,,,,,"'Pain'",,,,,,,,,,,,,,,,,,,,,,,"'Have you found anything that makes the pain better?'","'open'",,,,,,,,,,,,,,,,,,,
http://example.org/health-assessment#question19,NamedIndividual,,,,,,,,,,,,,,,,,"'267036007'",,,,,,,,,,,,,,,,,,,,,,,"'Have you experienced any shortness of breath?'","'closed'",,,,,,,,,,,,,,,,,,,
http://example.org/health-assessment#question2,NamedIndividual,,,,,,,,,,,,,,,,,"'Symptom'",,,,,,,,,,,,,,,,,,,,,,,"'Can you describe your symptoms?'","'open'",,,,,,,,,,,,,,,,,,,
http://example.org/health-assessment#question20,NamedIndividual,,,,,,,,,,,,,,,,,"'Fever'",,,,,,,,,,,,,,,,,,,,,,,"'Have you had any fever or chills?'","'closed'",,,,,,,,,,,,,,,,,,,
http://example.org/health-assessment#question21,NamedIndividual,,,,,,,,,,,,,,,,,"'Fatigue'",,,,,,,,,,,,,,,,,,,,,,,"'Have you been experiencing any fatigue or unusual tiredness?'","'closed'",,,,,,,,,,,,,,,,,,,
http://example.org/health-assessment#question22,NamedIndividual,,,,,,,,,,,,,,,,,"''Weight Change''",,,,,,,,,,,,,,,,,,,,,,,"'Have you noticed any changes in your weight recently?'","'open'",,,,,,,,,,,,,,,,,,,
http://example.org/health-assessment#question23,NamedIndividual,,,,,,,,,,,,,,,,,"'Symptom'",,,,,,,,,,,,,,,,,,,,,,,"'Are there any other symptoms you're experiencing?'","'open'",,,,,,,,,,,,,,,,,,,
http://example.org/health-assessment#question24,NamedIndividual,,,,,,,,,,,,,,,,,"'Diet'",,,,,,,,,,,,,,,,,,,,,,,"'What is your typical diet like?'","'open'",,,,,,,,,,,,,,,,,,,
http://example.org/health-assessment#question25,NamedIndividual,,,,,,,,,,,,,,,,,"'Stress'",,,,,,,,,,,,,,,,,,,,,,,"'How would you describe your stress levels?'","'open'",,,,,,,,,,,,,,,,,,,
http://example.org/health-assessment#question26,NamedIndividual,,,,,,,,,,,,,,,,,"'73211009'",,,,,,,,,,,,,,,,,,,,,,,"'Do you have a family history of diabetes?'","'closed'",,,,,,,,,,,,,,,,,,,
http://example.org/health-assessment#question27,NamedIndividual,,,,,,,,,,,,,,,,,"'13213009'",,,,,,,,,,,,,,,,,,,,,,,"'Have you ever been diagnosed with high blood pressure?'","'closed'",,,,,,,,,,,,,,,,,,,
http://example.org/health-assessment#question28,NamedIndividual,,,,,,,,,,,,,,,,,"'Medication'",,,,,,,,,,,,,,,,,,,,,,,"'Do you have any known allergies to medications?'","'open'",,,,,,,,,,,,,,,,,,,
http://example.org/health-assessment#question29,NamedIndividual,,,,,,,,,,,,,,,,,"'Medication'",,,,,,,,,,,,,,,,,,,,,,,"'What is the name and dosage of the medication you are taking?'","'open'",,,,,,,,,,,,,,,,,,,
http://example.org/health-assessment#question3,NamedIndividual,,,,,,,,,,,,,,,,,"'Diagnosis'",,,,,,,,,,,,,,,,,,,,,,,"'Have you ever been diagnosed with any medical conditions?'","'closed'",,,,,,,,,,,,,,,,,,,
http://example.org/health-assessment#question30,NamedIndividual,,,,,,,,,,,,,,,,,"'Immunization'",,,,,,,,,,,,,,,,,,,,,,,"'Have you received any vaccinations recently?'","'open'",,,,,,,,,,,,,,,,,,,
http://example.org/health-assessment#question4,NamedIndividual,,,,,,,,,,,,,,,,,"'56265001'",,,,,,,,,,,,,,,,,,,,,,,"'Does anyone in your family have a history of heart disease?'","'closed'",,,,,,,,,,,,,,,,,,,
http://example.org/health-assessment#question5,NamedIndividual,,,,,,,,,,,,,,,,,"'422968005'",,,,,,,,,,,,,,,,,,,,,,,"'Do you smoke?'","'closed'",,,,,,,,,,,,,,,,,,,
http://example.org/health-assessment#question6,NamedIndividual,,,,,,,,,,,,,,,,,"'Allergy'",,,,,,,,,,,,,,,,,,,,,,,"'Do you have any allergies?'","'open'",,,,,,,,,,,,,,,,,,,
http://example.org/health-assessment#question7,NamedIndividual,,,,,,,,,,,,,,,,,"'Medication'",,,,,,,,,,,,,,,,,,,,,,,"'Are you currently taking any medications?'","'open'",,,,,,,,,,,,,,,,,,,
http://example.org/health-assessment#question8,NamedIndividual,,,,,,,,,,,,,,,,,"'Procedure'",,,,,,,,,,,,,,,,,,,,,,,"'Have you had any surgeries in the past?'","'open'",,,,,,,,,,,,,,,,,,,
http://example.org/health-assessment#question9,NamedIndividual,,,,,,,,,,,,,,,,,"'Pain'",,"'MusculoskeletalCondition'	'PsychologicalCondition'	''Heart Disease''	'GastrointestinalCondition'	'Pneumonia'	'OtherCondition'	'NeurologicalCondition'",,,,,,,,,,,,,,,,,,,,,"'Do you have any pain?'","'closed'",,,,,,,,,,,,,,,,,,,
http://snomed.info/id/13213009,NamedIndividual,,,,,,,,,,,,,,,,,,,,,,,,,,,,,,,,,,,,,,,,,,,,,,,,,,,,,,,,,,,,
http://snomed.info/id/267036007,NamedIndividual,,,,,,,,,,,,,,,,,,,,,,,,,,,,,,,,,,,,,,,,,,,,,,,,,,,,,,,,,,,,
http://snomed.info/id/422968005,NamedIndividual,,,,,,,,,,,,,,,,,,,,,,,,,,,,,,,,,,,,,,,,,,,,,,,,,,,,,,,,,,,,
http://snomed.info/id/56265001,NamedIndividual,,,,,,,,,,,,,,,,,,,,,,,,,,,,,,,,,,,,,,,,,,,,,,,,,,,,,,,,,,,,
http://snomed.info/id/73211009,NamedIndividual,,,,,,,,,,,,,,,,,,,,,,,,,,,,,,,,,,,,,,,,,,,,,,,,,,,,,,,,,,,,
http://www.w3.org/2000/01/rdf-schema#comment,AnnotationProperty,,,,,,,,,,,,,,,,,,,,,,,,,,,,,,,,,,,,,,,,,,,,,,,,,,,,,,,,,,,,
http://www.w3.org/2000/01/rdf-schema#label,AnnotationProperty,,,,,,,,,,,,,,,,,,,,,,,,,,,,,,,,,,,,,,,,,,,,,,,,,,,,,,,,,,,,
http://www.w3.org/1999/02/22-rdf-syntax-ns#PlainLiteral,Datatype,,,,,,,,,,,,,,,,,,,,,,,,,,,,,,,,,,,,,,,,,,,,,,,,,,,,,,,,,,,,
http://www.w3.org/2001/XMLSchema#date,Datatype,,,,,,,,,,,,,,,,,,,,,,,,,,,,,,,,,,,,,,,,,,,,,,,,,,,,,,,,,,,,
http://www.w3.org/2001/XMLSchema#dateTime,Datatype,,,,,,,,,,,,,,,,,,,,,,,,,,,,,,,,,,,,,,,,,,,,,,,,,,,,,,,,,,,,
http://www.w3.org/2001/XMLSchema#float,Datatype,,,,,,,,,,,,,,,,,,,,,,,,,,,,,,,,,,,,,,,,,,,,,,,,,,,,,,,,,,,,
http://www.w3.org/2001/XMLSchema#integer,Datatype,,,,,,,,,,,,,,,,,,,,,,,,,,,,,,,,,,,,,,,,,,,,,,,,,,,,,,,,,,,,
http://www.w3.org/2001/XMLSchema#string,Datatype,,,,,,,,,,,,,,,,,,,,,,,,,,,,,,,,,,,,,,,,,,,,,,,,,,,,,,,,,,,,
